Title,Price,Date
Got Data Funny Business Data Analyst T-Shirt,19,2024-11-29
Got Data Funny Business Data Analyst T-Shirt,19,2024-11-29
Got Data Funny Business Data Analyst T-Shirt,19,2024-11-29
Got Data Funny Business Data Analyst T-Shirt,19,2024-11-29
Got Data Funny Business Data Analyst T-Shirt,19,2024-11-29
Got Data Funny Business Data Analyst T-Shirt,19,2024-11-29
Got Data Funny Business Data Analyst T-Shirt,19,2024-11-29
Got Data Funny Business Data Analyst T-Shirt,19,2024-11-29
Got Data Funny Business Data Analyst T-Shirt,19,2024-11-29
Got Data Funny Business Data Analyst T-Shirt,19,2024-11-29
Got Data Funny Business Data Analyst T-Shirt,19,2024-11-29
Got Data Funny Business Data Analyst T-Shirt,19,2024-11-29
Got Data Funny Business Data Analyst T-Shirt,19,2024-11-29
Got Data Funny Business Data Analyst T-Shirt,19,2024-11-29
Got Data Funny Business Data Analyst T-Shirt,19,2024-11-29
Got Data Funny Business Data Analyst T-Shirt,19,2024-11-29
Got Data Funny Business Data Analyst T-Shirt,19,2024-11-29
Got Data Funny Business Data Analyst T-Shirt,19.99,2024-11-29
Got Data Funny Business Data Analyst T-Shirt,19,2024-11-29
Got Data Funny Business Data Analyst T-Shirt,19,2024-11-29
Got Data Funny Business Data Analyst T-Shirt,19,2024-11-29
Got Data Funny Business Data Analyst T-Shirt,19,2024-11-29
Got Data Funny Business Data Analyst T-Shirt,19,2024-11-29
Got Data Funny Business Data Analyst T-Shirt,19,2024-11-29
Got Data Funny Business Data Analyst T-Shirt,19,2024-11-29
Got Data Funny Business Data Analyst T-Shirt,19,2024-11-29
Got Data Funny Business Data Analyst T-Shirt,19,2024-11-29
Got Data Funny Business Data Analyst T-Shirt,19,2024-11-29
Got Data Funny Business Data Analyst T-Shirt,19,2024-11-29
Got Data Funny Business Data Analyst T-Shirt,19,2024-11-29
Got Data Funny Business Data Analyst T-Shirt,19,2024-11-29
Got Data Funny Business Data Analyst T-Shirt,19.99,2024-11-29
Got Data Funny Business Data Analyst T-Shirt,19.99,2024-11-29
Got Data Funny Business Data Analyst T-Shirt,19.99,2024-11-29
Got Data Funny Business Data Analyst T-Shirt,19.99,2024-11-29
Got Data Funny Business Data Analyst T-Shirt,19.99,2024-11-29
Got Data Funny Business Data Analyst T-Shirt,19.99,2024-11-29
Got Data Funny Business Data Analyst T-Shirt,19.99,2024-11-29
